AirportKey,AirportCode,CityName,StateCode,StateName,Region,ReliabilityScore,FlightCount,MonthlyDelayRate
1cc67283c0bde6297dbf0f764cacf35c40c3be49191cff7d662ec69a441084b0,BQK,"Brunswick, GA",GA,Georgia,South,93.43,3444,0.11764705882352941
4270d85a706b51085c02105a4f0be60c8a0f0b96b121d552d5d8d8c91f6f7e5a,MSP,"Minneapolis, MN",MN,Minnesota,Midwest,90.62,464895,0.11426338883212117
60c5158ae1887e3e0f165da5dc9bec107e9b97aa1f8c3b7b3d4058e06d8dba6d,SPI,"Springfield, IL",IL,Illinois,Midwest,86.99,4743,0.2309941520467836
0ac62fe28ee4beb5dbde8fc4e609aa26716e286d9248f008242f6d05dd036079,ACV,"Arcata/Eureka, CA",CA,California,West,90.04,6564,0.17164179104477612
ae882563dcd48f3531a17463fab33b7c0e5832eac056e4626c75e451eada561c,BJI,"Bemidji, MN",MN,Minnesota,Midwest,92.68,2875,0.08627450980392157
c37490c37e59dcd512b46c04f5c303826020bea4508ab2322cb338f2a867cf65,PWM,"Portland, ME",ME,Maine,Northeast,88.26,42604,0.20089385474860336
00e2797388b8fad2ba99b9eb7af74b1e199358af2a7e51a377b923bc3756c2e9,SMF,"Sacramento, CA",CA,California,West,88.7,187075,0.1855146124523507
3e84136a4941084b28313573cae8b0253818ee5f65fc5eae71969625c9687162,MMH,"Mammoth Lakes, CA",CA,California,West,75.39,270,0.16049382716049382
1f483a66fe3118d99d4b0f90aee062d28aadfb0acf39b94252540ddbe65447ed,RDM,"Bend/Redmond, OR",OR,Oregon,West,91.56,30034,0.13661402864487698
291e7b99ff74904d8428bc9a6c67974b4349cfcc5bb2a03260e275b93d2440ad,SGF,"Springfield, MO",MO,Missouri,Midwest,88.21,33770,0.19980152166721799
c79d5be0fbe2f988159671498549090da36881589a0b61ab7426eb56fc84d0bf,TTN,"Trenton, NJ",NJ,New Jersey,Northeast,82.41,7662,0.25622775800711745
ac543f650963fb7ea5f3facc524af25aa959cb730ed69bf616b7f2b9035d3d0f,IFP,"Bullhead City, AZ",AZ,Arizona,West,0.0,1,1.0
738a6a9f214225742f78a692c049f03960be54aee37083d5731e72b0228d23ef,STC,"St. Cloud, MN",MN,Minnesota,Midwest,83.15,520,0.14285714285714285
27890f827257b578a177ce18cf90c9c044b8d57c0d868a40e506262a30ae95d7,GCC,"Gillette, WY",WY,Wyoming,West,91.19,2599,0.11158798283261803
244a8891af2f7c3cb3d018204481d580f0a34268e2baf9dbfae78bf5782b6323,IMT,"Iron Mountain/Kingsfd, MI",MI,Michigan,Midwest,90.32,2873,0.15702479338842976
346f809b26ea7e46d7f29fd1e4161318d6750be9c0c3e87174d3e39a204b89db,RSW,"Fort Myers, FL",FL,Florida,South,87.37,140157,0.20002354603249353
8b978edde6f08ef96893ec7930593807f1ead68e051294b674da51e2b8f472bf,MGM,"Montgomery, AL",AL,Alabama,South,89.88,13001,0.15627822944896116
ee71241ebf18aa7e04fb4ba1d76c17c3cefe11398a9849dc515e53573cebce61,ACT,"Waco, TX",TX,Texas,South,90.87,5531,0.14375
260a25ad38d744d012d7e24634ca3ecec68c7d13e0ab06dec250710b133554ff,TWF,"Twin Falls, ID",ID,Idaho,West,94.56,2986,0.07462686567164178
594e7e20f0097342d27e9f60074170c49111cd7319fb0f328a558541ed846f44,SUX,"Sioux City, IA",IA,Iowa,Midwest,88.56,3066,0.09954751131221719
a57b6050b8775dd86ee6606fbb174be22e401da2f17deebc1d57c2edfdff071d,RDD,"Redding, CA",CA,California,West,91.89,5269,0.10526315789473684
134b4011ba53512846cc8018db9047244a22e86678525ec04c2b60526434d37b,EVV,"Evansville, IN",IN,Indiana,Midwest,92.32,13374,0.15081405312767782
4687171e9a3bb1a0c286c1fe9d3254c7401e8abe5128d4b8d8fe6ea7ee3df21d,PHF,"Newport News/Williamsburg, VA",VA,Virginia,South,91.57,7195,0.138763197586727
6b632decb6d981b627b92f783382df8a1c1376faa8f846f96b3c861569940301,CID,"Cedar Rapids/Iowa City, IA",IA,Iowa,Midwest,88.78,32221,0.19514805565465573
1d2fb63ed3d2347a12a66b13ce77303390bce7988d5e362eb6b6c47f9c90af2d,MCO,"Orlando, FL",FL,Florida,South,83.13,539822,0.276245924545878
743e3ab17dc603799bf8315271cd8e976629e2b154407878e1bf3a0713877278,EKO,"Elko, NV",NV,Nevada,West,95.5,1961,0.06818181818181818
c206c17956bcc0ed18cb8131968cae74f1c94b76a948f9311f01136cddb4d6b5,ALS,"Alamosa, CO",CO,Colorado,West,92.12,991,0.1509433962264151
c73b9f28df2c3fed132be5fd5435e6e524fc5631878c0f8e026d359a4c5cef84,PSM,"Portsmouth, NH",NH,New Hampshire,Northeast,81.04,1356,0.2857142857142857
2a35a3d07f2c45f3f2ac6cc73f6d88a8ea758fe7222047cd9c9ee39bd1122067,SJC,"San Jose, CA",CA,California,West,89.35,181394,0.17053042711351896
5fed7eb7d1c8ef625e318465d50fef37c5a2272810840bc6772069de81392299,DCA,"Washington, DC",VA,Virginia,South,87.77,444014,0.25302325581395346
b6bd2f49354dbe8d67b6237f95b34f6a5cc8db4513c4c3766584a0485c60dcbd,BPT,"Beaumont/Port Arthur, TX",TX,Texas,South,91.22,3166,0.1647940074906367
1120ca7b3cbb7a4a37fab2c5206bec5fbebe57632adf1b637e08ada92bdf3511,MGW,"Morgantown, WV",WV,West Virginia,South,50.0,0,0.5
989ac208dc8feff7f16717ba3f4aa837bad2b1f433f95971e7929fc88ecccd76,PBI,"West Palm Beach/Palm Beach, FL",FL,Florida,South,85.03,90838,0.21404201831567607
bd06e929ade4a45485cd625b31d6790e8c8c3d8d98214e0f38378c5ca3bb6fe4,MSO,"Missoula, MT",MT,Montana,West,89.77,20282,0.14799503927242663
1c0a5a3086d807ce81b9406546a5c347c09c0012ccc162de2407c5353a0b92f3,SFO,"San Francisco, CA",CA,California,West,88.95,459271,0.1367426628038796
55a734d3b5a80a61ec98a389dfd874a3fecb0d8732859d9b581689e2a2ef2437,ROW,"Roswell, NM",NM,New Mexico,West,90.09,4054,0.2
924fa9601042d8cc2c26d46e38a627f48f3f9737072fd56d41f4abfeb75cbb4c,LNK,"Lincoln, NE",NE,Nebraska,Midwest,88.88,8976,0.19054054054054054
d784248bfdf9e1d7e00e7837dda65e24349e78f67da5130742b60f39914b46e9,STX,"Christiansted, VI",VI,U.S. Virgin Islands,Other,88.93,4497,0.1527777777777778
f26d73723a89d54dda3eeeab50c0ed30be0ade39d8e8222f0acfd030970f69fb,GUM,"Guam, TT",TT,U.S. Pacific Trust Territories and Possessions,Other,94.62,2752,0.08085106382978724
63fcc35a2f4f5ce6843c173e678a6d2c63fecb85f5c77d83bab6acd280bc8d81,AZO,"Kalamazoo, MI",MI,Michigan,Midwest,92.03,7607,0.11673151750972763
36a084fe6876a9c8df4bd9559351f04aabccd3ea55090de44f5f65dd4f2bbc6c,CAK,"Akron, OH",OH,Ohio,Midwest,89.97,14531,0.18125
2223978b2135d8d3050033221dfcd802a0c3171d7fc955df8375da0481f1cf04,AEX,"Alexandria, LA",LA,Louisiana,South,90.26,9461,0.17319277108433734
c013ea4b104523fcb249ad307ee85a41dc2f27177a021019961526e3be128e93,JST,"Johnstown, PA",PA,Pennsylvania,Northeast,89.1,2175,0.16111111111111112
83c06bdb4b902f638312bffc9c6ec3dd18e6440eaff3d7262db9f8896676fbd4,LWS,"Lewiston, ID",ID,Idaho,West,92.57,3546,0.12589928057553956
ebb9e0899556e948849848261da9e1c9ce0254cf6e03627a1ba5dbe3ea7e9190,LYH,"Lynchburg, VA",VA,Virginia,South,91.75,6659,0.14722753346080306
558bc5c6f654ef29684da85ea8241df69357a437a0243c0acfae583f81e24ba6,FNT,"Flint, MI",MI,Michigan,Midwest,87.21,12920,0.27090779127948533
d779d8c11882ad53e0b88f4a21f76dc58ad1e01c88eebad5434391a72fe0826f,MKE,"Milwaukee, WI",WI,Wisconsin,Midwest,89.58,102008,0.16149269875608438
3cc89dd401564c95ebaae301b899b531a25de8b95716767f75248512d2dde2da,LAR,"Laramie, WY",WY,Wyoming,West,90.97,2456,0.24757281553398058
65d71d719dbf012e9a44b6c3a152852d51aca139a160f90a090d13092d31cb0b,PGV,"Greenville, NC",NC,North Carolina,South,92.07,3274,0.10877192982456141
d44fa953853bae3a2ab71f5d5236ede3b67f31aeff84aa56235be191d78f7eb5,SUN,"Sun Valley/Hailey/Ketchum, ID",ID,Idaho,West,91.49,7475,0.09079601990049752
eb6992b75a7ac3f595b328b8c3b98bd2a56e1dc4407802ad039454d1cd221349,OMA,"Omaha, NE",NE,Nebraska,Midwest,89.81,83730,0.15821104122990914
eea47b3330de77a619aee4ff3bb8ecbd275aad593dce3b1da72ac024c1dafb0c,MBS,"Saginaw/Bay City/Midland, MI",MI,Michigan,Midwest,91.74,7189,0.13385826771653545
2dec1aa479af30174e565b9417bcfb06f5cacc7f22365954f078d80327866366,BFF,"Scottsbluff, NE",NE,Nebraska,Midwest,91.85,2632,0.25
b0a8c8f2f15e6ed055f2755ea27bf96a68e1d484c1268d2bdb3dd341c7923103,DAL,"Dallas, TX",TX,Texas,South,81.82,252596,0.23294723294723294
cf33f9d8af390af615f8025ea13226399cbb48c7020b7386f8076dd58309c880,IAH,"Houston, TX",TX,Texas,South,87.32,565864,0.15567650688950488
fba44aaca55699b1280564506440e087130aa9eb696474a4b1aa990fa0bb96be,SJU,"San Juan, PR",PR,Puerto Rico,Other,84.49,112147,0.2453422438234103
fdec0714f7cd6b3f0ae9e442a50f09639133a4f3e11427f79a2aac7a27691427,SBY,"Salisbury, MD",MD,Maryland,South,93.0,5620,0.1411042944785276
fbdd111196a04e3c6dfa1fff831c5c858153b7917a11b1037a3ce8e2f99f4263,LBF,"North Platte, NE",NE,Nebraska,Midwest,90.84,2683,0.205761316872428
51f50b27daf1efee6940c3d13e5e3c00608d7baa8f401173086a3663bb78719c,VRB,"Vero Beach, FL",FL,Florida,South,50.0,0,0.5
62fc663954eb0ea7b78d1ecd2a3123329182fd8b6260c06e99e53e3d8707ae7a,BIH,"Bishop, CA",CA,California,West,80.59,621,0.12280701754385964
6b0491dbf6ea0a3fef1970a889298fa39b58cdcb92d16fc3db52fe98dc79b5d7,MHK,"Manhattan/Ft. Riley, KS",KS,Kansas,Midwest,91.25,5167,0.1930835734870317
526ca3c024c40e28fbb9698180ca007a0a9ab402c309717a8ff526e21ffe6b08,PHL,"Philadelphia, PA",PA,Pennsylvania,Northeast,89.52,405166,0.19113565943688535
0858eaba02c15953db391f0a917db72337e7c0cf3ad569b931ee6197cb35a0b2,MTJ,"Montrose/Delta, CO",CO,Colorado,West,87.16,11266,0.15821501014198783
1c5c508fda50e33c87d24c0297718ad1f190e1450a479dc69180631b802e04b1,OKC,"Oklahoma City, OK",OK,Oklahoma,South,89.77,80510,0.15052861218325223
232bea47b5c390a3d7577debe716320b2eca8cf7318d86f3544e8e81bf2a3815,DFW,"Dallas/Fort Worth, TX",TX,Texas,South,85.5,1073286,0.22001835423676966
2c560c734137617b04813b5e57e7c0843610c002773c9cb571ba8bb08c51483a,TPA,"Tampa, FL",FL,Florida,South,87.07,272528,0.1606772633033863
84cdbd5db38a425dad79732bd283ca7d4724e171ab0866eee73670a6200a0ef3,YKM,"Yakima, WA",WA,Washington,West,92.47,2535,0.06896551724137931
0831f0de562f5158a27e73289977fb871e9025256c33c9d8203e51bcf233b32d,SFB,"Sanford, FL",FL,Florida,South,83.36,36938,0.22056686046511628
530294cdaa2d44204594a6b136f485769ec9c7b4d13cbc66fcbbb8f048c51427,HDN,"Hayden, CO",CO,Colorado,West,86.33,9051,0.1639784946236559
2c08ee8f7426e3a1583342b199a0783ff77967f1091e3716ffe128e30a3a77e8,RIW,"Riverton/Lander, WY",WY,Wyoming,West,90.16,1908,0.14634146341463414
9afec95a4df707d732a7776045c8c3350b450fd06a31c3cb35df0e25fe416a56,DHN,"Dothan, AL",AL,Alabama,South,92.97,3625,0.14098360655737704
eeb4c2bd00e8405760fddd9f65257429da30f4b343a03cf0a9e4c5b940d15967,CPR,"Casper, WY",WY,Wyoming,West,88.72,7475,0.22058823529411764
648e5657e376451a6d6dc813de3176f4ed275241d732c22f623dc516a6726578,BLV,"Belleville, IL",IL,Illinois,Midwest,80.07,4583,0.2605042016806723
e1d313f7efdbb1e2eea626314e4c7d84c691169829c8d19ff86468c59faf6d40,GCK,"Garden City, KS",KS,Kansas,Midwest,90.89,2824,0.15165876777251186
5812b68a99268ff8e8fd7e6b29f48d457698800cc336c0a1e1f226fb0c82b520,ONT,"Ontario, CA",CA,California,West,88.87,84564,0.19338990620812863
5c745a8c841e0cac625b2046d1545e1df3bae0db2363ba4eb02d9159e0904169,RIC,"Richmond, VA",VA,Virginia,South,89.04,82026,0.20161550888529886
a1e76e05c04ba10879329257cb774a0fca1f7db0a591c8e371bb465266ef4fed,CKB,"Clarksburg/Fairmont, WV",WV,West Virginia,South,85.9,2866,0.22468354430379747
767ec0cd3680eef7e74f16aa3a2151b1d208f8f811e1be08536a12586d4cf0e3,LIH,"Lihue, HI",HI,Hawaii,West,91.01,49665,0.12098765432098765
95ca1f18289927fb7c211605317d12ba8b112d11404c4d6e2166ef57921bb0bc,LBE,"Latrobe, PA",PA,Pennsylvania,Northeast,89.29,3202,0.16558441558441558
b954f545414a58ddf9852ec91a4dc37e5d802a665e949a2790ee41b9286a5255,SLN,"Salina, KS",KS,Kansas,Midwest,88.52,2882,0.12236286919831224
12a59bb4f84992afc47c8a717f69da0a70a4deee322102ce652096cd56f2d920,ORD,"Chicago, IL",IL,Illinois,Midwest,87.7,1103329,0.21487469027986514
136dd33097c83cdf18a1970b7d6eeaac6e3992efc4d2e49d643403587b68a518,PUW,"Pullman, WA",WA,Washington,West,90.25,4241,0.09565217391304348
2fcc32efa12bc6f248a98584b1e110f682b56f0b80154701975bea05bda90bcf,DEN,"Denver, CO",CO,Colorado,West,83.54,1052092,0.241235969174066
a95251628debc75b17661341a81f8bed65236e3c7a3cd3a462682fa1b78ec21c,MRY,"Monterey, CA",CA,California,West,89.65,14532,0.18769470404984423
a9cd8b380ebf3f454909e9836c4c226ff3296acabf2646a28744e51962a77ed5,SHD,"Staunton, VA",VA,Virginia,South,89.36,2009,0.14136125654450263
b9c29328d87b913eac2c2f8d6afb3535e74e89a872851728bb3d605e73dcdc34,BTV,"Burlington, VT",VT,Vermont,Northeast,89.73,31075,0.17745454545454545
4f7fa34d06fbcdc1857ad6bfea3ecad7c5c1e9d6e48ead93c384e2e12a1c7de6,TRI,"Bristol/Johnson City/Kingsport, TN",TN,Tennessee,South,91.31,14567,0.16370967741935483
a6df6522bf4970870231d166b87e7425461054bb51aa585770be261f57d56252,MSY,"New Orleans, LA",LA,Louisiana,South,86.36,168875,0.19340341255332114
ddf430b366b6fb99a3a768fc10e7632fd4986be6039989f8177d23a14b6a4288,JLN,"Joplin, MO",MO,Missouri,Midwest,88.5,2963,0.18726591760299627
e5c25285133e64febe81f717687005e7fee6af093a1ee33eb27599f1c75ffed4,MVY,"Martha's Vineyard, MA",MA,Massachusetts,Northeast,81.82,3495,0.2579324462640737
7d0fc23f43151cc1c9c7cde57c20bef6b3acf1e91a2d5fde8e3a06c8d9aabb8b,ALO,"Waterloo, IA",IA,Iowa,Midwest,90.04,2395,0.1989795918367347
ae2796baa3fa0925c68276c068b65e61838b192491da0b9103b430e65aaea78d,EAR,"Kearney, NE",NE,Nebraska,Midwest,91.65,2253,0.07586206896551724
efe2a2bddc68e920711598a46e38ca7fec7da143aab8e40577096f1235348728,JNU,"Juneau, AK",AK,Alaska,West,90.77,16825,0.1583710407239819
24c32f8b97218e6ae946901ea6e3cb2a151f94e7686a6ccd1d492cd76ad02a83,PIT,"Pittsburgh, PA",PA,Pennsylvania,Northeast,90.37,147472,0.16125169633591444
2ed8534e9822da29679ece1b885efe9aabfde489b44b3dd74c75f00b3c7cbedc,CMI,"Champaign/Urbana, IL",IL,Illinois,Midwest,92.0,6416,0.12316176470588236
f3964b10d84fadaf70a79cee530c59b50bf268ebf75e5bd6653b7e94eed41ae8,ROA,"Roanoke, VA",VA,Virginia,South,90.2,22443,0.16631130063965885
441151473a5984846097cd9efdb7795600126a43cdc05b376bc76541bf0b60d0,INL,"International Falls, MN",MN,Minnesota,Midwest,92.43,2441,0.13526570048309178
be00235a757aa35d7ca676e16cfb18b870ad3e924df1841e052762e51bc6f8b1,ART,"Watertown, NY",NY,New York,Northeast,92.58,2605,0.08296943231441048
abaceec4d930533ff96a8c0c163340f6715bedce7ad42d52d368aaa46ccf03f8,MEM,"Memphis, TN",TN,Tennessee,South,87.98,82933,0.2309876932786368
01950d5b15c40148a72b9620323fd8a98de32fa7cdb5bb937b1729acf0f593a3,SCC,"Deadhorse, AK",AK,Alaska,West,93.53,1886,0.10666666666666667
389ccea198e7ef2f93d34dc8cc81455f9d49d952c5105706e712f12464afb64d,RKS,"Rock Springs, WY",WY,Wyoming,West,93.16,1950,0.12290502793296089
7695866176653914d11244d23e963ab8ffefbca1e1bb068e6560e8d3f8dd01e2,DTW,"Detroit, MI",MI,Michigan,Midwest,90.19,496571,0.1508015683363107
9a125f9934cbb32249a8b4644a01324a95e9226046aace680120240be4492393,ABE,"Allentown/Bethlehem/Easton, PA",PA,Pennsylvania,Northeast,90.22,19186,0.1659249841068023
c12813138856c0ce99352e3f9632ac163d5d2e7363002df50fab4bfeb6ce61ae,RHI,"Rhinelander, WI",WI,Wisconsin,Midwest,92.8,3056,0.09872611464968153
eda455b16fc0bdb5f275bdfffd773e230f61210689adeb8099e8671f82073c7c,EYW,"Key West, FL",FL,Florida,South,83.44,31000,0.279374471682164
fdc457a83777248f7b4f7eb7e8c341c8bcc99ff6247e8813372c6ee2ee439cb3,TBN,"Fort Leonard Wood, MO",MO,Missouri,Midwest,91.87,631,0.0784313725490196
0ff342b18407b7e1f9549d53a7d7d7df92d517a1cf437525185c29a7d401d7c4,UIN,"Quincy, IL",IL,Illinois,Midwest,100.0,10,0.0
391108c4b2138211d23d1d6a29e9aa10ad8c5aaaf8f7693028c8e14ce0e8f26b,TYS,"Knoxville, TN",TN,Tennessee,South,90.61,61219,0.18500559492726595
ad6b67f7bc596150a1594249074b0b9abee5d16b7e5f7f0b7d385f74b72a4dbd,AKN,"King Salmon, AK",AK,Alaska,West,82.25,1771,0.5271317829457365
c37134ecbb80a2fdd7ee6be4d113bb8a1c53cb462b60e864ae8ee2cfabea1088,STS,"Santa Rosa, CA",CA,California,West,91.0,14473,0.12808641975308643
189096520ac08e227fe3774353a40e12ec20cf14970d49b191faeb285c2af7ec,HIB,"Hibbing, MN",MN,Minnesota,Midwest,93.91,2583,0.09523809523809523
3d8042d645058fea769767f42290a024bf45326f8a15434d47eb7b0824505f07,RFD,"Rockford, IL",IL,Illinois,Midwest,80.95,2984,0.33
6c78e0e17576dce9a03f5a9fa702d0f19ecd34fd0a356a0e7764b89deccb9def,STT,"Charlotte Amalie, VI",VI,U.S. Virgin Islands,Other,86.98,20374,0.17839195979899497
d67b3030b9f7636e5210523d8dd12a04d1ea223c71d315247ab9f0660c307bd1,SNA,"Santa Ana, CA",CA,California,West,87.39,155260,0.1815421079920006
ef33676ae6a56ee4864a7e426cca5956dc3722c8244dc74fc5f1c2e9f2887130,ASE,"Aspen, CO",CO,Colorado,West,79.93,23829,0.24198250728862974
aa5ab35a9174c2062b7f7697b33fafe5ce404cf5fecf6bfbbf0dc96ba0d90046,USA,"Concord, NC",NC,North Carolina,South,78.51,4017,0.40634005763688763
f541ab1317c950702502c5b935a42ba95e5fd5072fb4dd286f95bb2d342451ea,SAT,"San Antonio, TX",TX,Texas,South,89.25,127205,0.18000758725341426
98500b109e1738c5b497770466757bc9cb5a18af52c4876bd2a4987aa6334c10,ADK,"Adak Island, AK",AK,Alaska,West,74.12,418,0.37142857142857144
68bd72d81be4fcf867aff8eda2cf93ed9aa03dda32abea6b0f606312ea82c5e2,EGE,"Eagle, CO",CO,Colorado,West,84.69,10964,0.1936056838365897
de7ecffa779b288c991af578e9a0ecb10ad96d2346302fc52066ba2272cc9122,DLH,"Duluth, MN",MN,Minnesota,Midwest,91.24,8868,0.10353535353535354
f1e467c35a331c3aad8bdf0da1721af858a6286e5f53f614ba061f484b492fe9,PIB,"Hattiesburg/Laurel, MS",MS,Mississippi,South,90.87,2522,0.15566037735849056
479b74f1d545ffd0ca204c242d58c11d5fca138c8a802091f6ba8ac37f32dc29,PUB,"Pueblo, CO",CO,Colorado,West,92.3,1888,0.105
a9b687bc26a5c976c363c6717c1412e70044745b23a1abbb9b068b0e7bf21a28,JAN,"Jackson/Vicksburg, MS",MS,Mississippi,South,90.59,31535,0.13999270871308786
47cee1712a4efbf3982243b49c487d79ae481580c0ca861b3de3995a36c46fd9,FAR,"Fargo, ND",ND,North Dakota,Midwest,88.35,24572,0.15239980207817913
a083daa9fc502eaf3919d9de7907ad54a73dbf5994e6bd64971723c1951cb57d,ORF,"Norfolk, VA",VA,Virginia,South,89.02,79072,0.1946503852304114
4fec55729e161bc3a368659f80ed8ea787cd59285629cd37ada9138476eace94,ILG,"Wilmington, DE",DE,Delaware,South,73.9,165,0.5
6c7eaadf671470b35ee503e027a43fd044f544613cd9d9a1a2630f14f30a7646,MIA,"Miami, FL",FL,Florida,South,84.63,358231,0.252062854272799
e609161659afe6de490eae1508baa2579628d53e9d3d7f24dd3f3267105ca829,LBL,"Liberal, KS",KS,Kansas,Midwest,91.16,2450,0.16826923076923078
c0e0f30286108b662f4bf9afbc246129e992c00da70f9d0eee7f2ffca8ec4a02,ECP,"Panama City, FL",FL,Florida,South,88.77,31900,0.19425725168473484
c7cf6a95955c1ee48a8030098050d4d890961165cbef5497d82ba70a23e43bf7,SPS,"Wichita Falls, TX",TX,Texas,South,90.78,3865,0.17301038062283736
3539795a98914f17c097e73f5dedb48d3ac992d834f766aaa20d3dbf81c67f9b,SDF,"Louisville, KY",KY,Kentucky,South,89.12,85701,0.20485282418456643
7761aae7b227441b280494efcf492412e4061800848d98c3ebf7341ccf854d6d,IAD,"Washington, DC",VA,Virginia,South,88.85,281127,0.22277367550336924
84642423f43915d41f66ec6a8a6921dfbdbefb7e1a77c0cef976231a5292b734,FLL,"Fort Lauderdale, FL",FL,Florida,South,82.89,326011,0.22524762564708758
3928e21abbe4c1eb8db67dba3eb0a51ef2aeb12e04ce712f9d5dcf198990784b,FCA,"Kalispell, MT",MT,Montana,West,90.56,19017,0.16167664670658682
e927ffdc7f0f674f8e34d71636f24cce496b8749f247ec13417537468efa25ba,SBP,"San Luis Obispo, CA",CA,California,West,89.06,17910,0.15293296089385475
7e8bb0853f3ad73a9147831b9dadf370ba9eb68e5f8335cbe6e769fa3d44b67a,HLN,"Helena, MT",MT,Montana,West,93.54,6604,0.1116751269035533
a26ad0971b4208f88b5251ee850f3ba1512e1f3da3b094f57a5af8e041fb3e92,PSE,"Ponce, PR",PR,Puerto Rico,Other,82.15,2403,0.2982456140350877
6eb14de7fbbf1cb3482fc7a9b5fd4fe41c725ade645888bfbfcabc4de6fdab54,ABR,"Aberdeen, SD",SD,South Dakota,Midwest,92.29,2894,0.125
b4ac9ad8e50bd1cc22861db0291bff85a841a9ba75a71ce3b579f16e1a84b183,TUS,"Tucson, AZ",AZ,Arizona,West,90.42,61783,0.14792517738120833
43c7b73b33d85043b5d9c196c849ac9acd4242754793f610da5910f1da060b92,ALB,"Albany, NY",NY,New York,Northeast,88.93,52024,0.1723684210526316
81bcf02c22eb259433e1458c3b734311794bb5f96b4acd773783a24862236715,PSC,"Pasco/Kennewick/Richland, WA",WA,Washington,West,91.99,22214,0.11726220432813286
88ce74d8cd944ba88190550e3495d53cd813e076fcb52890e253634cf4c196df,YUM,"Yuma, AZ",AZ,Arizona,West,91.7,6727,0.1312127236580517
dd61719d5eaa760c810f7e53c8b8e75cea85af0b03f00a46995d5e032f49db95,MHT,"Manchester, NH",NH,New Hampshire,Northeast,89.67,27408,0.17725197177251972
e7f18ebd960d17491dae2127a1ed17703930a50b87276d4b47d3b8c17b27dfd6,APN,"Alpena, MI",MI,Michigan,Midwest,88.85,2297,0.1358695652173913
631fe77e7df2f3087e07bb205de6c5e1fd24d9c320f1d16ea2d3f0d51bd10bcb,GRB,"Green Bay, WI",WI,Wisconsin,Midwest,92.33,19280,0.13893653516295026
06f4446e29d982e6cdb03855e75f780a97c2f338ba18b1110c67f6976e36d3b9,FAT,"Fresno, CA",CA,California,West,89.6,41933,0.16523325514725046
460cdd08f8ed517a329d8cb39977d7cc2a374fa74e05357689b61c25d123411c,LAF,"Lafayette, IN",IN,Indiana,Midwest,50.0,0,0.5
5fc01b12c4ba33505238fa961a79a6e44e6ad65d92a63ff5cfe1f73b8bd73800,XWA,"Williston, ND",ND,North Dakota,Midwest,88.31,5201,0.13555555555555557
c5b7d0ec4f6976293bbbbbed43c8f538d66f22a8d8871d4178527e4388614c33,ESC,"Escanaba, MI",MI,Michigan,Midwest,89.71,2682,0.15948275862068967
1363d316318ffb6eb21a4fe297119c48e330171466e0272cc082323563ddaa80,LGB,"Long Beach, CA",CA,California,West,87.29,53173,0.1921793037672866
56a595b91294ca7c8b14f1c4ee6343645b829507e48862f2323cd6d074068e96,BUF,"Buffalo, NY",NY,New York,Northeast,88.18,76204,0.18245721271393642
372dc25b586679b43203f9f2865b9ee791eca5432056da0f486bb56efd27a1f8,DBQ,"Dubuque, IA",IA,Iowa,Midwest,94.54,1506,0.16025641025641027
42da31894fb28b3cd1ca56072a1336d8c02bd2d4f72a0d13a60a0128380dc053,IAG,"Niagara Falls, NY",NY,New York,Northeast,78.53,1695,0.36363636363636365
5ea686def38da0d287d6723c411299b36309c95e003b68939c985d0b3ce50072,ALW,"Walla Walla, WA",WA,Washington,West,92.58,2503,0.09045226130653267
6324fe4d26edf8c9ea0a85f546fc86200faefbfef27ad61ce00fc6efff037a1c,LGA,"New York, NY",NY,New York,Northeast,86.84,495152,0.1397152363244936
c736b8fb27f54e222b594c18d257280d4c50551984bd5e0dc46174917d6b4ede,DVL,"Devils Lake, ND",ND,North Dakota,Midwest,88.67,2593,0.10407239819004525
55827131a3838cf31c8be6633d5259e6ad15fa9f6f19f2eb4036fbfb9f5ae515,ILM,"Wilmington, NC",NC,North Carolina,South,90.63,29861,0.1852639036486008
b60075a08eefdd6b5a7d5f82f6dc7f1d741e7cc3ea647d08ca7c68d1c66b27a5,ABQ,"Albuquerque, NM",NM,New Mexico,West,88.45,78909,0.17398818954342504
70540e81f5986d38af621007bbeb8c55045bfdb0dd7c74cd8958af744dd9cf0a,EWR,"Newark, NJ",NJ,New Jersey,Northeast,83.77,478967,0.1441314781596936
d45a62b40e92aa7fb801c4428b6f5bc12fe2f2c4c76d69d2d261385b0cf5f10a,ATY,"Watertown, SD",SD,South Dakota,Midwest,90.44,1226,0.16666666666666666
dc90eca372497faffa8a71835ca93d61f62d7e9093eb6bfdb58cecb5f6de8e0d,PVD,"Providence, RI",RI,Rhode Island,Northeast,87.98,55064,0.13994045087196938
ded2d8263741cf26bc51d74f38b278a75223f5c9e3e3e42f5f944167b4c990c2,BOI,"Boise, ID",ID,Idaho,West,91.88,95539,0.108348134991119
00809f7c597be78f03b9c187e6318ede3d3b3fad239cfb69ec282c03ad1fb056,LCK,"Columbus, OH",OH,Ohio,Midwest,78.73,4215,0.3782894736842105
da725d6642f4cdc8b53f3d4204e5bcf32ddeab78476736ec6c450271be6f0291,MYR,"Myrtle Beach, SC",SC,South Carolina,South,88.58,56647,0.234279649774476
efbe1f033ba50f7b0b5ab22da4807166b21b42da31a5efbf874f8a17d84af0d5,FOD,"Fort Dodge, IA",IA,Iowa,Midwest,90.18,1670,0.14788732394366197
0e6f3a8200214148e4da24e914c40440c428b7534968b04f901a1e36af18b100,LWB,"Lewisburg, WV",WV,West Virginia,South,89.28,1775,0.25316455696202533
a065db8768cc17c188fda56d8df431a215f8729c9ffb9129d1aaa8581765d6bd,CDB,"Cold Bay, AK",AK,Alaska,West,68.86,262,0.5
0f9ce9a30a3aa97babb422e6513866548c8d0a678d8a3b2b9246738dabf8be97,VEL,"Vernal, UT",UT,Utah,West,90.02,2339,0.18181818181818182
5ee5dd82c5397302fe497da32abf8b0147afbe1468b3f84f4349392868a4d058,EAU,"Eau Claire, WI",WI,Wisconsin,Midwest,91.11,1918,0.10919540229885058
056f5ef7c1518b58b22cda0ee443f3abe105c050b033fc8b352455c034853835,JMS,"Jamestown, ND",ND,North Dakota,Midwest,89.93,3425,0.12142857142857143
6f5badeeecc551faca0d5c6242d673e33713506ebbe0d43c3223e749d49f3da8,FWA,"Fort Wayne, IN",IN,Indiana,Midwest,88.6,23731,0.16750572082379864
aad83fbdcede04bd901541dc955dee1ff1319122d54eb61d0a1cd6130be07f54,FAY,"Fayetteville, NC",NC,North Carolina,South,91.37,12095,0.13714285714285715
8e6122d0e9f6f27220bb63f94b34e7cb23b3c25299d3a0096686f4c461920d92,RDU,"Raleigh/Durham, NC",NC,North Carolina,South,88.56,193089,0.18413872551991753
4c573d7486ff3e432b9fcd07d5558134dfd4963eb541ea4ad688d42870548dfb,GGG,"Longview, TX",TX,Texas,South,91.5,3108,0.13478260869565217
56b09c6ff9777602e4c87243e5cdf79c330d71b48f123b2577291a02bfee2b49,BHM,"Birmingham, AL",AL,Alabama,South,88.34,59419,0.1832597350461662
c7c036d7a68e10523565ee1cda9d4e16a554fabb68a754fa3bfae17a8c218d55,CDC,"Cedar City, UT",UT,Utah,West,95.65,2279,0.045454545454545456
8b81458e661a3b3cc8024b84a5cfefb4724f50c7645fa6b81c6ab7c9314144f0,ORH,"Worcester, MA",MA,Massachusetts,Northeast,84.77,4341,0.2757475083056478
db2fde443fa87bd0a9403b66888e78a2f96741ceaf021c88000342827afcd4b7,BQN,"Aguadilla, PR",PR,Puerto Rico,Other,75.34,7450,0.36773255813953487
e0053ffe23c391b3e5bbf5bc6b2f3c18e871ef658aac5f13c89e5f0e8e00f568,SLC,"Salt Lake City, UT",UT,Utah,West,90.38,431148,0.14621082036956354
e02797d6ada2b134b078fdaf0dfce2bd27e1200de8e256e5fd48477fe732c4ad,BFL,"Bakersfield, CA",CA,California,West,89.72,9759,0.17317073170731706
eab1559603c974a68784915e2bf20ee9876e5036d01f4b86952a6edbacf34298,CDV,"Cordova, AK",AK,Alaska,West,88.41,2896,0.21862348178137653
8436495162969e0ebae74cffd4d19d1c172daa4eefca641db9e4ec947a9f0faa,DIK,"Dickinson, ND",ND,North Dakota,Midwest,87.88,2270,0.18333333333333332
03fb8f063e660e0f2ed131900b835f32b018f5f8d3add5c5b0142178fd868636,CMX,"Hancock/Houghton, MI",MI,Michigan,Midwest,88.27,2824,0.18672199170124482
c98de5b57272b300743ebd37e9b07bc7d946f8de3172a1f60299829d11857b28,TLH,"Tallahassee, FL",FL,Florida,South,90.77,20440,0.1556350626118068
2e169101f7bb780ecf3d8a865bbceeb11b8f440f3662fb30dadb424566c48379,GUC,"Gunnison, CO",CO,Colorado,West,85.88,3545,0.17218543046357615
7cd8b1d2dd2389697b97e7728be16ed0ff64e0172c35d54b08e7347dcb1055e2,SCE,"State College, PA",PA,Pennsylvania,Northeast,91.22,11973,0.1544477028347996
f928cd452f90fd78f941ff73843d89626c319683ea3b1b6ccf162f4c25a43e71,AVL,"Asheville, NC",NC,North Carolina,South,87.26,40287,0.2082675092153765
79fed7c6d6eb5db34970d072d6eb511c817a03d8bd978beec9aeb96224cc9f19,WRG,"Wrangell, AK",AK,Alaska,West,90.37,2898,0.15725806451612903
97f42e5989fbc77d78b04d728bf30aff477a17c2b92585216e5cfdd0ccd94aea,LCH,"Lake Charles, LA",LA,Louisiana,South,91.42,6811,0.14690265486725665
bf969b7ebaa7f54da6b59a9a4ac1abc4b97810dcab420bf9950529ea74496b59,DRT,"Del Rio, TX",TX,Texas,South,91.61,1979,0.07035175879396985
45b14de1a664aabfc059e8dfa1d5bc59f7f7ca474f019f70e7ca77c51aaafd33,ABI,"Abilene, TX",TX,Texas,South,91.2,7380,0.18032786885245902
71b630bb194950f6f95f14b69c470cb016a17bff18369bbf5def9cfb6ce656a4,AVP,"Scranton/Wilkes-Barre, PA",PA,Pennsylvania,Northeast,89.43,11579,0.1872871736662883
80d0e12571232fa8d2ee2d04930501f7e7f00940c7ce5b178e73f34905908ee9,FAI,"Fairbanks, AK",AK,Alaska,West,89.96,17191,0.11241610738255034
b1575e1e14f2132cb0c4fa22cd1f145f177e098a5708bae137480a4ba0124cb8,OWB,"Owensboro, KY",KY,Kentucky,South,81.74,331,0.17647058823529413
714e0a63968063663b6f00c2c822d135d1803c0cffc760b2a07fe675d34a2621,XNA,"Fayetteville, AR",AR,Arkansas,South,89.77,44121,0.18666666666666668
a6c1dbb7d91a3fdd1e3ce7b41a98cc4224ba8fc1b54b5d185d73c51d81268c99,SCK,"Stockton, CA",CA,California,West,76.56,2525,0.40606060606060607
c7953dfefd201fd7051da574859e8c0b44452e42bb13b84d122ed67d6df221b2,SMX,"Santa Maria, CA",CA,California,West,79.9,732,0.2857142857142857
1eb6798cd8a894ed2feb8510c9f13309a4c535736a6dad05ecd3e7a2256ae3db,BRD,"Brainerd, MN",MN,Minnesota,Midwest,93.63,2603,0.0761904761904762
76102f16a00487bdb5a065a7f3b745e5c2370b8b252c01fa0da5649427651cef,BNA,"Nashville, TN",TN,Tennessee,South,86.75,319455,0.16735195788341084
7b3bcef71f396e4df4fa03e73826f836bbde07ecdd0c8eec1879500914b6ac64,ISP,"Islip, NY",NY,New York,Northeast,85.7,18624,0.19744160177975528
24584b0bb279fdef771e92a94bbf640bb4f63efe173bb58740e7c87eaccff5b6,RST,"Rochester, MN",MN,Minnesota,Midwest,91.49,8862,0.1671270718232044
74649c025d392f3521d0dd012917eada30c1683bcb328c4553756ab693c9ed75,VCT,"Victoria, TX",TX,Texas,South,93.27,1946,0.08496732026143791
e5fe64d21ac45c72bd4c28050d852b648f1780c32c3026ffa9eb3c5dbc3df382,KOA,"Kona, HI",HI,Hawaii,West,90.62,56384,0.12088815789473684
2fb6cbf530afed4efc94945dd29a2c5fc55e36593e56d1ab91bbc8c8c76e000c,PPG,"Pago Pago, TT",TT,U.S. Pacific Trust Territories and Possessions,Other,79.83,228,0.15789473684210525
4b92e66c84393de5952a938d14802eb9da8361267a071f53702be5bb2be9ced7,HOU,"Houston, TX",TX,Texas,South,83.74,197323,0.24692730890787778
4de4042269a08a22affd7287aa135827ef77e2a542788aa3ba83bfeb670bf9db,ERI,"Erie, PA",PA,Pennsylvania,Northeast,91.71,5449,0.163727959697733
508181536adfc9b4fe7186dcd11ff370d40e20081a58514695cdf2c97ebc526d,MLU,"Monroe, LA",LA,Louisiana,South,91.72,8474,0.13765182186234817
15b1a3cf77d320570360563d6507fd690389a5b0ca15ec66e0fe63598a6f834f,MDT,"Harrisburg, PA",PA,Pennsylvania,Northeast,90.36,33260,0.1601855155190867
3149d68fadf390c7702fbd0a696c1971a74750b1ca32eee275ee68fc55cc9bc2,SAF,"Santa Fe, NM",NM,New Mexico,West,88.12,9084,0.20843672456575682
7e2edab52cf2e979d20aef4f5c5c05adf4e032bc2d1a861dddbfe9fd89752940,PNS,"Pensacola, FL",FL,Florida,South,88.53,47506,0.17041446208112876
ca8c6373fbefb853775c35e5c35ee8020b6912b07b5728333b0b4134ab9cc373,COD,"Cody, WY",WY,Wyoming,West,84.8,3575,0.27610208816705334
fb5c665d28440f700a4494e67fda34c137b32c2ca749338d297bc7b6b7a46e76,GTR,"Columbus, MS",MS,Mississippi,South,93.44,3735,0.10067114093959731
0e63f5e7911c01dadfdd85bc370988313c905eedf1d850ce830e77c69b0f883c,AZA,"Phoenix, AZ",AZ,Arizona,West,85.36,22633,0.18289473684210528
8e72403a856ec94da616beba1e30064176ede451e7cfab83ade501aa86e2f77f,CSG,"Columbus, GA",GA,Georgia,South,91.17,5626,0.15714285714285714
acb1c678a1d2cd0161bb57c88a4c148d8ec46dbb69a38fce0a991306b513d634,SHR,"Sheridan, WY",WY,Wyoming,West,91.72,2454,0.13924050632911392
2b4d8b6e40f5a9bd7639009742c486a4a5ac72b0dbcc84e293156ec200dda01d,BKG,"Branson, MO",MO,Missouri,Midwest,82.26,182,0.2857142857142857
81b06b919dfab6829fb3a5c9c4d6d9c8e626b378bd19a83638c4bc1244c3d64f,GNV,"Gainesville, FL",FL,Florida,South,90.34,14569,0.1569620253164557
240807b9155201300199b61d36f2dc113e36c2d9b9730591ca87dca0114ec25b,SAV,"Savannah, GA",GA,Georgia,South,87.48,67648,0.1926166467270552
34cf05b52cebcee8b37199b43d4c7daefc8cc94bc7f7fead1fbc15bd592ffb7d,OTH,"North Bend/Coos Bay, OR",OR,Oregon,West,87.42,1349,0.17721518987341772
43ddcc590857d9131fce9d5d73b13ffee816de233be5b7625a719e26d8c1ca48,GEG,"Spokane, WA",WA,Washington,West,91.26,77131,0.127700564194303
87ac1209247e4253f384894f8b392231b8be2aef6643f88daba9a55e5fbb11c5,PBG,"Plattsburgh, NY",NY,New York,Northeast,84.31,2956,0.203125
263d48d0a34d53fae0c313a3693fecf01bc30f5a2c80158b4dc35e31438592cb,PAE,"Everett, WA",WA,Washington,West,89.78,13197,0.14852492370295015
30dfd5a764b79bd3501caade6aee4ad63f232773ea3708b04c803a6841143a17,MFR,"Medford, OR",OR,Oregon,West,92.12,28532,0.1069455406471981
b16dc27d3a8597035ffbe5f4e816aeb038d2bc156eadb60adbf6f6a43919fe1b,CWA,"Mosinee, WI",WI,Wisconsin,Midwest,91.71,8337,0.1684981684981685
bc1ccfebaf4130bc34322a99fb2e80b0fb593d55cb1c181f8e84958d6a52d73b,ICT,"Wichita, KS",KS,Kansas,Midwest,89.47,38419,0.15905654671908073
c279541697c65cbd5fb667f5788cbc1e8e49a7cb440cb5fa76275a76502a2bc9,COU,"Columbia, MO",MO,Missouri,Midwest,86.99,7139,0.20985691573926868
4fc05cba56045767bdf8f360734420e5b02e0f21fd06b2823de9ed57a85318b3,BUR,"Burbank, CA",CA,California,West,87.79,98319,0.16971593644679828
91b9f37aef525a1a0eb8090ba4e3620d830be6dd389346f3558b58d32d730452,TUL,"Tulsa, OK",OK,Oklahoma,South,90.15,60557,0.14745112369815458
bc439a64700c504f8b812716a5770a7b0502fcf2580ed10dfdf641fef2c65c75,VLD,"Valdosta, GA",GA,Georgia,South,92.41,3848,0.11400651465798045
08dd9890141cdccd3999d425a3492bfb742823adb8c56586370cd28ddf72f65b,SEA,"Seattle, WA",WA,Washington,West,89.65,656576,0.16942327745247454
2402e052a7c65f3089fe20dab7f6bd7422df06331c2bfb14d61cff3b401e01e0,MOB,"Mobile, AL",AL,Alabama,South,90.26,19069,0.15389408099688473
783a184a4940da99fdda9da528d6d7dfaa3ad100593e5b49bfb59dec1342dcbe,MLI,"Moline, IL",IL,Illinois,Midwest,90.75,17030,0.1518288474810214
8217143646e511ed7f8ab2f83dc8a69d61b119960d92d2f3f61c9d621b286ca3,SAN,"San Diego, CA",CA,California,West,88.78,298686,0.18925764517450738
07e500b0b4016a250b48a610527b449f7503600b56b4084016fa16f35b36788a,BTM,"Butte, MT",MT,Montana,West,95.26,2614,0.06763285024154589
090de9c4a50447cd0b558d63e0c8210ba492e7684efb4586cda839ae14fd4393,LNY,"Lanai, HI",HI,Hawaii,West,91.33,1161,0.1935483870967742
b6eb5290c32538147f8fde362606776d1f3cd3ab34ea5a5b875368dea0be8103,SHV,"Shreveport, LA",LA,Louisiana,South,89.16,20966,0.20715429791777895
de05cc1b95a0a9d3935f0d2e1dcc0a346141db9d5ed47a8629e61fbe87aa0520,SIT,"Sitka, AK",AK,Alaska,West,90.22,4700,0.13186813186813187
953e00f8eaa7c9d4f6941e141fbb70163a86bbb8106c416210e78662c84cce33,VPS,"Valparaiso, FL",FL,Florida,South,87.41,37685,0.2158885736394119
b71777583b4041a882612e63a1df93a22c7c0b80aceef5dbb7073a78ac9e8bb7,IDA,"Idaho Falls, ID",ID,Idaho,West,89.84,14613,0.15346181299072092
bfec47f97df5780878ef3ad5faed4fe214567d8f5d89fa11e585626d03012d27,CHO,"Charlottesville, VA",VA,Virginia,South,91.02,21450,0.15153267784846733
fb3d662ab36f8617f09179616b5591fd7477cea56ecdb813731393aadcefbe51,SWF,"Newburgh/Poughkeepsie, NY",NY,New York,Northeast,81.77,3108,0.24489795918367346
374c7527bec9ba3fa1520269380b2d610ae48c562594eb1362b3b67e4bd08b18,JAC,"Jackson, WY",WY,Wyoming,West,86.73,20440,0.15699333967649856
591908226282600a63bdc99ba4d989db47c3a8ce3ab1056ea845fc771a5a73a2,BZN,"Bozeman, MT",MT,Montana,West,88.81,39128,0.14145096609551586
9bff7ba4973140dd52b382cdd85da7ec277450e1b8e8706463a2db5c37f76769,PSP,"Palm Springs, CA",CA,California,West,89.66,51936,0.14191338390017127
0c2f57d60033e7185fd853b993af0c34923ea6952ca244fe70427bf887a29c3a,SJT,"San Angelo, TX",TX,Texas,South,90.82,5930,0.15384615384615385
839e329c174fe0dccd84616011bcf81b03676804671f1528ad84b5cace3765b2,LFT,"Lafayette, LA",LA,Louisiana,South,89.53,17773,0.16002530044275776
d0aba02e914380930b99db0833fe59254f70918da17e5d5eadb9e3af1c0120a9,DLG,"Dillingham, AK",AK,Alaska,West,82.67,1643,0.20652173913043478
f5cfaf73c921977280767e67a5a87d4f245dfb07abb35e06de62b4c5c3eef8d0,MOT,"Minot, ND",ND,North Dakota,Midwest,89.49,9615,0.13685636856368563
92e950838af08659f7648c91084b50b83b28dd4d11eaba347d451d00a585c6df,HYA,"Hyannis, MA",MA,Massachusetts,Northeast,79.25,472,0.4107142857142857
c45bc4a7dc2c7ac5b8ecc864507a90b6cb579d280b6c1eaf5db524c5e265baf7,DAY,"Dayton, OH",OH,Ohio,Midwest,90.93,39464,0.18441874619598295
ec5db4937dfa626f850c679b378c406a1fd3fc14c3bc12b84eaad37c26437e6d,RAP,"Rapid City, SD",SD,South Dakota,Midwest,89.01,19300,0.18914728682170542
194fbb80dfc13d80109a7429fa1a60bc10ce0dacb16776f5b06b92202433d4cf,PRC,"Prescott, AZ",AZ,Arizona,West,88.94,3003,0.250936329588015
3b3394489677ff5f1b827a50349d1e59e57a4678449de1ec06f0f0fb8b8578f0,LAN,"Lansing, MI",MI,Michigan,Midwest,91.41,8558,0.12794117647058822
95f0e1a14ac79ef5d5b752c9c73dc1ad18bdd9be39014fb8b956a0c51c157067,ACY,"Atlantic City, NJ",NJ,New Jersey,Northeast,88.74,11399,0.15991902834008098
1c6a0fac2fc0923b66659ff2be5b3c329da52cb8d26aedeed53d7991d163df66,SBN,"South Bend, IN",IN,Indiana,Midwest,89.47,22980,0.1617954070981211
481327936d8a1555d9d9cbc5aae0091692e79a61ea5b383277ab60793244db7f,CLT,"Charlotte, NC",NC,North Carolina,South,88.76,852486,0.22421091821679237
a2f1a6d79bfb0fe6d2fe2f0f08c2f32ce53cc935520e9d8a9f8daa051b4f239b,ACK,"Nantucket, MA",MA,Massachusetts,Northeast,83.56,6608,0.19118522930315665
c466472a3b3f2a26aea6a5e113298338287e055e95b0372bca927a8a61225f50,TOL,"Toledo, OH",OH,Ohio,Midwest,88.32,4090,0.13584905660377358
d02442d0fd72be7adea0306041f14638d90255db8d8b10d818af3ee2441b5786,MEI,"Meridian, MS",MS,Mississippi,South,89.52,2713,0.1890547263681592
1086c1cdd6f163075e21e23fc659d1bd8a31b1518da98889cf96912996e2d3af,JHM,"Kapalua, HI",HI,Hawaii,West,87.48,348,0.13580246913580246
3ab495c54a46538a2d83751d527c3a458774adebe2510c58a05c1c0055485dab,PLN,"Pellston, MI",MI,Michigan,Midwest,89.87,3215,0.10091743119266056
f5e7e2dc797308ea1b581defd6c091bdcd8d6bbbaf2edb8c480584d6e350da7f,FLG,"Flagstaff, AZ",AZ,Arizona,West,89.71,8540,0.1825876662636034
6cc11410230ccafc24fd9d78ee2c60224504daf17cd1bdb9081e8c5ea3868dbc,ITH,"Ithaca/Cortland, NY",NY,New York,Northeast,90.76,5848,0.10714285714285714
b8ec997fafd31d2dfbac31c149e7760117d147fe3369b866a248176a9db17fc3,LSE,"La Crosse, WI",WI,Wisconsin,Midwest,92.26,6037,0.0875
c81ed803e323ad7f22e5e1c48f1cf07217457b2982b7ca85aa6f7e84c8758c86,IND,"Indianapolis, IN",IN,Indiana,Midwest,89.68,157160,0.12690798081116442
50ddb18326fe46b8f73c3756bdea32f5bb95b87e7f7122e92a333b90e949f4eb,TYR,"Tyler, TX",TX,Texas,South,90.48,4805,0.18028169014084508
70a5306a2e2177b25bd5b2d9b0c6c7a70377f8c3067ed754075d02b15af4e576,PIH,"Pocatello, ID",ID,Idaho,West,96.29,2643,0.01744186046511628
b259d2df08fa205517e750d00a1c9958cfa801026adcb09f3b0824cd5dca032f,BGM,"Binghamton, NY",NY,New York,Northeast,91.85,1833,0.12666666666666668
63b89102a585de20b11036145a223acbe81900f2782244168c9d1f4823612d02,MKG,"Muskegon, MI",MI,Michigan,Midwest,90.51,1814,0.1590909090909091
c227325bda7bfe6cc991907298277abfc2e4da781eaf1b2152423163f762de42,GRI,"Grand Island, NE",NE,Nebraska,Midwest,86.28,3666,0.19932432432432431
338841738727c0ee3ebb29a59be61f687e841fdf1a36b56acdd2aa35ac7c9d1c,CLD,"Carlsbad, CA",CA,California,West,50.0,0,0.5
6f5c32a93eb2e307fecb0716e03ef77b8288f20813a9a70aa7960acbff63470a,GJT,"Grand Junction, CO",CO,Colorado,West,90.36,16415,0.18964310706787962
8d87f1663045641686255839674e224fb969575b898caf111e0c5e0581c2b2ca,ATL,"Atlanta, GA",GA,Georgia,South,88.67,1223470,0.18257292943109818
287ab4ea82564152690f10200abdd85769bac0d7d538435a0690b45fd0e540d1,COS,"Colorado Springs, CO",CO,Colorado,West,87.94,42719,0.199264898923602
a1a0dd643ad00b0aaf8b56213648c826e940f02d1ae26319ec4495944586c00b,LAX,"Los Angeles, CA",CA,California,West,88.52,693585,0.17849702258895322
302b7594f9b62a5d0b3a2e5ff7c6e0f269a6adc2ceb26e6fc427f0edcdef18a1,CMH,"Columbus, OH",OH,Ohio,Midwest,89.6,143052,0.16070697978888798
d5650201f079c68a1f0849dab4530c6842f583ff5f9b18cdecc965340047b188,FSM,"Fort Smith, AR",AR,Arkansas,South,90.28,5125,0.1771117166212534
f79d30273e22c75096b989d2296b9c4cd38451359fd33c18e0d3817d288c1050,CLE,"Cleveland, OH",OH,Ohio,Midwest,88.76,146817,0.1780571246718116
cddb512b062cc9719cd296763a44fda56ea31a6a40f12fcbcdae9f5b7b069ac3,PAH,"Paducah, KY",KY,Kentucky,South,91.96,2167,0.14619883040935672
31a82d3cebe79f8f8d8d459eb1f2c3a514685a1987d932d2f2b2127b6068fb71,RNO,"Reno, NV",NV,Nevada,West,88.67,75511,0.18709769703905021
3ad14da35307aa56671958fab68c4e18bca73167c55333bea42b10c0996c256e,AMA,"Amarillo, TX",TX,Texas,South,88.61,19685,0.18582046883933676
06ffee5debea870a61533c41ebf7ace832ac8600f5d0876c337743065c3ab548,LEX,"Lexington, KY",KY,Kentucky,South,90.57,34465,0.11329661683713611
e775e69b3625d11115e3cde366f83ad1fedec669fd0541a123f6e6572cfab438,OGD,"Ogden, UT",UT,Utah,West,77.3,229,0.29411764705882354
eb81d334d8788be9191947a49f360ac654b7fbb30b7867a0f528ad9c1d3da78e,EUG,"Eugene, OR",OR,Oregon,West,90.26,32912,0.10682004930156122
029c2d46a6c11e345b8d42343e8cdcefb07dd079b7dff423d91981b92ec922d6,MKK,"Hoolehua, HI",HI,Hawaii,West,93.36,1093,0.23140495867768596
02128cbdab929a55a0f52ca5a36c4ad22122068eb4d7712ed131f11a99d33a84,CRW,"Charleston/Dunbar, WV",WV,West Virginia,South,88.8,13370,0.24077490774907748
654d21ef1bc4cf4b93e3d197f6f0ff2a7b5954492ec2b1ba848e8473d46ff6f3,SRQ,"Sarasota/Bradenton, FL",FL,Florida,South,85.58,55502,0.20250749523030798
ad8d94677afd869dd88310e0d9df179b6a74e577a3346ebf95c96dee45eec4ba,OAJ,"Jacksonville/Camp Lejeune, NC",NC,North Carolina,South,91.71,10667,0.14254859611231102
dc2859b7d4aeb866a947bdb17662439ee0695236e1a64061a5db74e329623b25,HHH,"Hilton Head, SC",SC,South Carolina,South,87.21,10237,0.20872540633019676
e0cd91f74424c466ac491b0a80deddafe3c3d0f77fdd4b582000fc017fce527d,HTS,"Ashland, WV",WV,West Virginia,South,86.05,4802,0.23569794050343248
db97af447aa649fd9acb5459d1aa41c730703000a741683885cdcfa76bf3e345,ATW,"Appleton, WI",WI,Wisconsin,Midwest,89.37,24881,0.15492300513299112
664f15ef031e161adf0f1c76930efb70f640fd105d6a7358bed26016a832bc3f,PDX,"Portland, OR",OR,Oregon,West,91.19,232875,0.14919910642140785
cf9c1d2ba1f90d3a0259e408d26c8683ff82071b62288e5c47ada781698ea4f7,LAW,"Lawton/Fort Sill, OK",OK,Oklahoma,South,89.47,4300,0.18005540166204986
4bc539fc3a3f04e3cc55bb61a1640b6ae60d8e969b200f2c32274d2ab20476cd,SPN,"Saipan, TT",TT,U.S. Pacific Trust Territories and Possessions,Other,96.11,1279,0.08139534883720931
d3f3eecbbb73c1d8a01ddd8b43ed1f66f56d87d73367b0fbc4c4181851b45694,CRP,"Corpus Christi, TX",TX,Texas,South,90.79,19660,0.1703030303030303
52f87668608a66334083602ec1b77a90bb008a3d273118eb3223496997b53815,GRR,"Grand Rapids, MI",MI,Michigan,Midwest,89.42,66742,0.15564544495251495
8e3773a0e87687ba97650541d952140b906cebed6aa62c7a0327d7512025fb42,IPT,"Williamsport, PA",PA,Pennsylvania,Northeast,93.46,532,0.05
1468a82caa00598027ddf31c71c220559d34505e4d62c904dd3e3563b4cab356,MCI,"Kansas City, MO",MO,Missouri,Midwest,88.89,165878,0.13243452004774944
70e4111f2d310c1d502a9a2d432bab4f9ddea400b2284b6771c6fb1d0cd0e4c6,CLL,"College Station/Bryan, TX",TX,Texas,South,91.07,5972,0.1996370235934664
d75a1320a2d2c39fb308077bc1a8bff9c37be9194c564ae207f939967f001aef,HVN,"New Haven, CT",CT,Connecticut,Northeast,94.27,602,0.06329113924050633
f7e37f452656c0cf8b2b00759dac7c0b6115a176ab1d01f23b25321f9630c339,BRW,"Barrow, AK",AK,Alaska,West,79.4,1538,0.4230769230769231
a04f893c18b79818433e25b2552c303cb68eb0a4bd09dbc8be97982fed8ed4ac,DEC,"Decatur, IL",IL,Illinois,Midwest,90.47,3135,0.14487632508833923
f4daa765e0b0f5f0d6e639f1e48728149249d6e1ef358eb0a9582e61cf287e0d,ITO,"Hilo, HI",HI,Hawaii,West,92.48,22781,0.10392839383391347
fb6eb187b902ead3b299b1ae28a19aab74daa6833d1c59559f59832b422ad76d,PGD,"Punta Gorda, FL",FL,Florida,South,83.44,23775,0.23493568043331076
4140d0a1a9d7ddaec5de60285229890d6625f02f27c925738f27a4dcfda03c3b,ANC,"Anchorage, AK",AK,Alaska,West,90.38,73789,0.15030860462301826
94638003ba40e20dfb08128f3ddfd98c4f023940a6055f31e94b6cf1eff0f7c9,HRL,"Harlingen/San Benito, TX",TX,Texas,South,89.7,16718,0.1436388508891929
285199cea4ae50eb9cb96b967cda3dfce0521b76074b0d0f36c0ab9c368fe7b3,MFE,"Mission/McAllen/Edinburg, TX",TX,Texas,South,88.49,17414,0.17659279778393353
7139c20604d1a1f5f3ae9ae28336d39fc13a5a5f564e196e0d26e2c23b990fec,HGR,"Hagerstown, MD",MD,Maryland,South,78.95,792,0.358695652173913
be5f3e81b54d5e21796df33fb21bcbda5dedfcbbe68a667cb9cd8bfffef52b7e,YAK,"Yakutat, AK",AK,Alaska,West,88.69,2896,0.19838056680161945
84d9221048ff3732150ec4a8615e7797f77e95e358b5f2add0507959a39f451a,EWN,"New Bern/Morehead/Beaufort, NC",NC,North Carolina,South,91.44,6011,0.16306483300589392
b616cc092f74709e80112b52c8fda1f7177e3c7b7b805d3c2346227936e6b42d,HYS,"Hays, KS",KS,Kansas,Midwest,90.51,2879,0.20155038759689922
dc7960398ddf349bcd333be98211bedd71fbf090c8b51b38fa386bccb4bf359b,GSP,"Greer, SC",SC,South Carolina,South,90.95,52458,0.19167630057803467
c38d05721ef9717092a556c13df8d6f4c38a7f42aefd57d2b54dad82b4b6e44d,TVC,"Traverse City, MI",MI,Michigan,Midwest,88.64,19145,0.17838444278234855
1d937004322e94d25ae8a615b0eeed8dff6dd89aa63cd287f7e914f743207c25,AGS,"Augusta, GA",GA,Georgia,South,90.22,17991,0.14715719063545152
2ea64b55cf2a0f5d367c2b84019eb733cf398f72a80e9d488053e2ed39600e74,BWI,"Baltimore, MD",MD,Maryland,South,81.51,330319,0.2735509111500051
d9a248aa1fe16b27e2445be76826e59119de2023ebb8b5bfebc98def37d997f5,CNY,"Moab, UT",UT,Utah,West,90.61,2640,0.20535714285714285
e4029b425df11e67197c72eea3c7aa3abe7b7bab2cf844d58cbc0d994b32e5e5,CGI,"Cape Girardeau, MO",MO,Missouri,Midwest,91.88,1737,0.08888888888888889
443f5551a41e3efde48aacab0555ad5ff6dfa0d8351057f56749e26b7c29562b,BTR,"Baton Rouge, LA",LA,Louisiana,South,90.69,21975,0.14526079641054404
7ceb9907dcc7cf8b9ada81084bc279303d80ac73c6af237957f410e641015d8e,TXK,"Texarkana, AR",AR,Arkansas,South,91.24,4177,0.11965811965811966
27fe1579cb05bc4294b7718484eac06ae59f7f7809025a522473852f26f29c90,FLO,"Florence, SC",SC,South Carolina,South,92.19,2872,0.13478260869565217
4b1824b663a4f4b36465d3d43c70f19500a0f47feafd71722e1459673394e041,PSG,"Petersburg, AK",AK,Alaska,West,90.02,2898,0.14166666666666666
da815789b8b64ff12cb75058fd632813124a0230f218125b83700a2fd789195b,SWO,"Stillwater, OK",OK,Oklahoma,South,93.31,2561,0.08173076923076923
e07ba719f5d2cb41696f28d24b78ac3daa71cd97da0d8d4121bd7869d7a9abd8,OTZ,"Kotzebue, AK",AK,Alaska,West,90.44,2443,0.13592233009708737
144b651ea0cf1b2756258b2205db3175956a2094a49b6f127a16ac99759ce3de,CHS,"Charleston, SC",SC,South Carolina,South,88.02,90686,0.20498442367601247
3d0238f4ec24ae8dd170f236a3380a6ea18bfdeef0e8eaa05f3e78f6498e01f0,MQT,"Marquette, MI",MI,Michigan,Midwest,89.16,4537,0.1707865168539326
4ee039ce6f5cc1e2075ccb0dc1ea1d0d45b0b51524222e13a31f89df69d2bce7,GSO,"Greensboro/High Point, NC",NC,North Carolina,South,91.06,45637,0.1490601006089489
a1b654ec15787b3c7424e48de40ea9766b0ead259e7d1a42bcb265f805381b53,WYS,"West Yellowstone, MT",MT,Montana,West,92.11,1287,0.029850746268656716
971f0d1924892f967bc0b1bf6ba20430db4d330dcfdd6ea8ea0e82de4099a33f,OME,"Nome, AK",AK,Alaska,West,90.8,2441,0.1553398058252427
97e710f800817bff5f83cff45e1dd3935a21846e2258bafde765803fd63bfc95,KTN,"Ketchikan, AK",AK,Alaska,West,90.26,8717,0.148109243697479
5a6e793d1f249a95fe308049a544bddb678fe0122822c6770d243af372277411,ABY,"Albany, GA",GA,Georgia,South,94.0,3591,0.10921501706484642
7a3d568190617a95967dd061d4c6a038a0bbdc9ff0c4494a600aaf5756fe7187,MDW,"Chicago, IL",IL,Illinois,Midwest,80.99,286807,0.2802338056305723
ec9121c9c2fc6850750face06e8dc803da80c9d8bf31d10ad894f31ae6c8ca32,MAF,"Midland/Odessa, TX",TX,Texas,South,89.26,33070,0.1505529789511238
ca88574fd5698224ce01dad3856ab43b2e8884b5e74c75773d45deeaaa491538,SYR,"Syracuse, NY",NY,New York,Northeast,88.79,52392,0.18031257289479824
fcc2e3d8cf282b178499f6aa89d4c984e8d5cba1cb32c53248307adfed0a9c76,DRO,"Durango, CO",CO,Colorado,West,88.66,14870,0.19586840091813312
12f82d2010850f611183fee0e15adac3d66569555ff1d7e0bda7ab93d4777869,BFM,"Mobile, AL",AL,Alabama,South,83.02,47,0.07692307692307693
18ccc3eb40086f2b6ec42f2dd452df7f07ee41a3dc88a3a16022c53350b1d398,CYS,"Cheyenne, WY",WY,Wyoming,West,91.14,1373,0.07272727272727272
26db5bade47c03a8a6ec80b0da929d8634cd06d1145f8de94aa4e576bc754070,MCW,"Mason City, IA",IA,Iowa,Midwest,89.05,1671,0.13636363636363635
4d058b961f89cbfc17de1ba356736eb8c7605eff1ef2993231d5f4f96e87e868,CIU,"Sault Ste. Marie, MI",MI,Michigan,Midwest,90.3,2868,0.11570247933884298
96d174d2c82a11200d4a1cf8ca419159e2a77dfd4a0faf5eaf4892a497bcebcc,EAT,"Wenatchee, WA",WA,Washington,West,91.1,2641,0.12
5505bbe316987e0796199859069bcff8a8bc71d1605da2abbbc8bb7ffdffc6e3,STL,"St. Louis, MO",MO,Missouri,Midwest,86.87,226721,0.16495406189555126
5920721ac85fd5af7878d79375923c6094cca267f7bfe05cc50ef183f6ff9621,PVU,"Provo, UT",UT,Utah,West,84.84,4946,0.25132275132275134
ba052fed0e48ddeb16b2fdb1be38845083910e2c7411df3385ef939e4abeb596,DSM,"Des Moines, IA",IA,Iowa,Midwest,90.04,57194,0.12763892259160398
05881adb7358bbc0eb08a27b6a17fd98c0ce8f05246f351bfef517706dfe2037,ELM,"Elmira/Corning, NY",NY,New York,Northeast,90.61,4346,0.1308139534883721
8593345cbd28c3cfe732f9d077829f97de64d3ddfaf3e9c2d6394cbcde24074a,GST,"Gustavus, AK",AK,Alaska,West,94.04,356,0.11607142857142858
8fc4416436b5da41fae35cdadf72ab92c82706683381934d81a133433b59e8d4,CHA,"Chattanooga, TN",TN,Tennessee,South,90.33,26918,0.15992892047978677
06ccef4324c147253ec7987c25268d635852268f39675a05e7a328648c56afac,BRO,"Brownsville, TX",TX,Texas,South,91.58,9423,0.13765642775881684
2986219f82d390e6918cc895142848e3adec06dee828a7381aa193467615fe32,GTF,"Great Falls, MT",MT,Montana,West,92.16,10356,0.10358974358974359
4d7c1175f2020aae155fbbbecccc59349b69f30e09179a0d8520b037f142ffa4,HPN,"White Plains, NY",NY,New York,Northeast,85.76,36820,0.23448275862068965
7f055c6c4f429f23ecc5a0841b3e67cd44552383ac0929359c94918455c803c6,SBA,"Santa Barbara, CA",CA,California,West,89.27,26300,0.1701492537313433
a87e82d0c1558b8adf64130777dc84cfd03a6d179514009300dac9862e7e24a1,OGG,"Kahului, HI",HI,Hawaii,West,87.83,100308,0.16143497757847533
02903988994c0f07023c469816cfafffd18404028d0f0068cebaab2ccf38a149,OAK,"Oakland, CA",CA,California,West,86.5,161179,0.15037966325519975
4c71b7e56fdc43633bd75a5a0427b66038d5608d08933deec2feb2adf90fad09,ADQ,"Kodiak, AK",AK,Alaska,West,90.99,3147,0.08532423208191127
9d56ce6ee168734f417ff554b9ef06d003a063ef8d7a30cf5197cb993a675a93,BDL,"Hartford, CT",CT,Connecticut,Northeast,88.23,83765,0.14859437751004015
732af70cb8a6c10783f4318c092c90344f8417acd551a400853741336e94668f,HNL,"Honolulu, HI",HI,Hawaii,West,89.65,198027,0.1380648899188876
bbcc8ec46f073cbd388af310bcbc345a5355bdab1d6598778c52e8b98cab5128,DAB,"Daytona Beach, FL",FL,Florida,South,90.77,11532,0.13362541073384446
2daae495d9efa65d1ba02ef8ea39291f902b0824e90a83d9a8dcbcf1128ffcf2,CVG,"Cincinnati, OH",KY,Kentucky,South,89.05,144926,0.16793399126354958
58332be1bfc7f5e3e2427ffaf120895a0bc1e6a652a59a68c621c4ec90a9e729,PHX,"Phoenix, AZ",AZ,Arizona,West,86.94,629046,0.20446843722909608
149aa4c8d80552c78096cc1b1e31b7a72ff36bc09a8f30e859cc0c49b69b4ad8,ROC,"Rochester, NY",NY,New York,Northeast,89.41,54266,0.15193555605280823
537ae3b1762dceb86cf2a4891ecc0ff3e0566621396f8c217be34112b41c7268,AUS,"Austin, TX",TX,Texas,South,86.14,283989,0.20669299352684933
b1a04a15d2105af4f8ecac2ee06cdaa779455f2aa2db5ab579fac380fa90b734,CAE,"Columbia, SC",SC,South Carolina,South,91.02,32782,0.16541353383458646
cd8c07fdc045905b6ac54d264c02d8b1fc0d0601488c823f50fa02a6e50f10a8,JAX,"Jacksonville, FL",FL,Florida,South,87.83,101770,0.21276852522326817
27352f34715b6aade3b33e7c14432447cef23855d1f49db46bb8976db187c975,LRD,"Laredo, TX",TX,Texas,South,90.66,8273,0.1480484522207268
afcb289b1aa8a0c34581ce84cb3989aa4272ae5ac3754c3e140a8bcdfdf6328f,OGS,"Ogdensburg, NY",NY,New York,Northeast,87.57,1545,0.20714285714285716
9871605be8d4b2a982914bf5c9348e7b84a18494ecb9d8525be69f42eebd7566,MSN,"Madison, WI",WI,Wisconsin,Midwest,90.4,43906,0.13964435146443516
df771c2c4da0d9b66d93ef2602e010f61ff0d4f524baad9bcc743030ecdc798a,BIS,"Bismarck/Mandan, ND",ND,North Dakota,Midwest,88.88,15070,0.14074074074074075
000a0a7e66523956a91e7f11f2d522897125b67ff846ff779274882ac901bbd5,LBB,"Lubbock, TX",TX,Texas,South,89.1,24357,0.15296912114014252
46a4c6b519324e367bee933ac9f08683b10e15170159e4a97f066e5eb0e54ee2,MLB,"Melbourne, FL",FL,Florida,South,91.62,9800,0.13333333333333333
8853564f130808236142e6ac93f78ecf7c87e14103f324b44224fe5f94132212,LIT,"Little Rock, AR",AR,Arkansas,South,88.77,47478,0.17664376840039253
c16431b1087a8f5f40b50006a8729139daf5aafe229bee9d39335e25a664c020,BMI,"Bloomington/Normal, IL",IL,Illinois,Midwest,89.96,9800,0.18323353293413175
4ccaa2653fe14b3c99f4fa8d0ca0c8d1616b5a47d8cc82ba6179489c4ed38f62,PIR,"Pierre, SD",SD,South Dakota,Midwest,92.02,1205,0.18095238095238095
3102c4983a0a7d5df217b02654a2bb0a76211b45728503a39db52f88cab3f8c2,PQI,"Presque Isle/Houlton, ME",ME,Maine,Northeast,86.7,2242,0.14450867052023122
e3993262324ccdf1fd0a3b12eaf4959ef8043186f114f5a145bd254c8cf01aeb,SGU,"St. George, UT",UT,Utah,West,92.89,11951,0.15858585858585858
270b1684d637039762248d17032d9249f9f97ba217c8dec7df29be387b76bdb0,PIA,"Peoria, IL",IL,Illinois,Midwest,88.06,15599,0.18223583460949463
1b3ba754469fdd7f99f4e53fbff03d20825695caaa13bff2ee0b357813279152,DDC,"Dodge City, KS",KS,Kansas,Midwest,91.04,2373,0.15730337078651685
2480bfed9e176cce9a92f729d4f0b7d4b255348e3e618f1e4df4582996aef93c,GRK,"Killeen, TX",TX,Texas,South,89.38,9213,0.22566371681415928
546e1dc9e3ce428e946ebe5cc58f1581cfb0ea527ce5826a1099c6a649de2ff7,BOS,"Boston, MA",MA,Massachusetts,Northeast,87.06,445611,0.15499787840213372
9b794c812a2a3fe75acc3bdd33fd750cb71e504d66822b881025379f03e28234,GUF,"Gulf Shores, AL",AL,Alabama,South,50.0,0,0.5
1cdcdd124f7f57819a1b69de71a45149555a1b84a527cc26bfce87de5cf71b28,BIL,"Billings, MT",MT,Montana,West,91.64,18689,0.15545395166557804
2e17bfe25968dbcf4c7ff9e1977dec063be527795086c1f3ea4376cfc4c82180,JFK,"New York, NY",NY,New York,Northeast,85.05,409381,0.25163526949241233
ec09692b9dad26aea61ebc507d2f4c22415aa22f70880b93408a398fcf97750b,PIE,"St. Petersburg, FL",FL,Florida,South,85.34,30346,0.29312714776632304
2c4e6f6c46954cd6c64e44a2a400e8eb052d0d057059cf4af3a942b3caca7e35,GPT,"Gulfport/Biloxi, MS",MS,Mississippi,South,91.47,15308,0.14695945945945946
81e259b4a2d99f1890567f4576506cc28c391bd4df4fece5724dce17598142ab,BGR,"Bangor, ME",ME,Maine,Northeast,89.02,18808,0.10837438423645321
b5f78d5c0d40f377dd777d3ce79a0a2573635d5448717dd20ffc8551748ce1e5,ELP,"El Paso, TX",TX,Texas,South,88.27,63368,0.17678841582018587
f8f2990d7136c11d81465e6318c38311b5ca04e0e90b87f6a1f4ba6bad5ca436,HOB,"Hobbs, NM",NM,New Mexico,West,90.8,1986,0.1377245508982036
76bd14b27ddb0726ccb8dc22c7052d262f9b470ecdc0daa4403810607041df62,FMN,"Farmington, NM",NM,New Mexico,West,50.0,0,0.5
9b9dfe4b8cf03c60a4ad1173576429d72498fd516b5b5e279f14897c0bf68b4c,GFK,"Grand Forks, ND",ND,North Dakota,Midwest,90.35,5302,0.08638743455497382
c1242f7f888cd4e109415ca236678a95c3f8626ff07db6b27c388fbc0c77deb2,HSV,"Huntsville, AL",AL,Alabama,South,89.99,35092,0.16308002689979825
ecc3e2c352b91c52951526c67d8b8ee1b211cdae2858b4a4c4a4b39f886d3ce8,BET,"Bethel, AK",AK,Alaska,West,80.22,2638,0.39906103286384975
541688c235e566b5df98ce96287344e0a79f39f2dc71287b4577c128f61d084d,FSD,"Sioux Falls, SD",SD,South Dakota,Midwest,88.28,29948,0.13931469792605952
aba66d8c81f093bbad368be2effced4398d88b28930da98da929c246b07a70e8,BLI,"Bellingham, WA",WA,Washington,West,90.84,10689,0.09308510638297872
dade62208545344197bdd114c1579d6d57cd32803dc8fbef18f9b60e80bda071,LAS,"Las Vegas, NV",NV,Nevada,West,83.68,622949,0.23363677643955283
